{"cameraMode":{"drawMode":0,"name":"Shaded","section":"Shading Mode"},"sceneLighting":true,"audioPlay":false,"sceneViewState":{"showFog":true,"showMaterialUpdate":false,"showSkybox":true,"showFlares":true,"showImageEffects":true,"showParticleSystems":true},"in2DMode":false,"pivot":{"x":-2.4296875,"y":4.1279296875,"z":0.6417236328125},"rotation":{"x":0.05367458984255791,"y":0.9362888932228088,"z":-0.20787593722343446,"w":0.28151679039001467},"size":14.045188903808594,"orthographic":true}